Driver,Opponent,Lap,Gap,Pressure,gap,gap_closing_rate,brake_variation,throttle_variation,speed_variation,lap_time_loss,driver_aggression,driver_consistency,mistake
LEC,PIA,3.0,0.684,HIGH,0.684,0.5119941307320987,22.91046456992401,24.69682397924669,8.311544191831405,0.7512878571972054,0.7754457593789948,0.8748534341790438,1
PIA,SAI,3.0,0.514,HIGH,0.514,1.1457857370509077,12.784033574683262,21.777961728918683,6.235715684237641,0.1841992796410993,0.9119380798444117,0.9397451343250314,1
SAI,NOR,3.0,0.323,HIGH,0.323,0.9051933359925455,5.216753029605967,7.493253624065337,15.207489531120697,0.8872155422290737,0.9845761562442015,0.9853638173310346,0
NOR,RUS,3.0,0.342,HIGH,0.342,0.7585243326167402,23.107639528385274,23.416837652347446,14.81766821421703,1.4406753983075322,0.7743937181088318,0.7836375769674362,1
RUS,VER,3.0,0.337,HIGH,0.337,0.2716205044866802,6.825733535722671,22.397927241242567,9.09889290497314,0.3454241193007235,0.8897106344274816,0.9787292907682019,0
VER,HAM,3.0,0.229,HIGH,0.229,0.2715939723698229,11.386272751808297,15.376761142521442,19.262953433756156,1.066006847148932,0.7574483135003246,0.8129497495217018,0
HAM,TSU,3.0,0.27,HIGH,0.27,0.1638919733850194,24.0012393410161,16.825508714898586,7.265868376713503,0.38130716412267907,0.8639457738257669,0.8117984523737074,1
TSU,ALB,3.0,0.186,HIGH,0.186,1.0527937603524287,24.012142938751122,12.980054077402606,11.485022015639029,0.8501587582623137,0.8345404211396175,0.7987122602338066,1
ALB,GAS,3.0,0.241,HIGH,0.241,0.7612265129175296,16.46875776246572,6.095232776440627,19.154238802513984,0.23534702950540745,0.9818815455931458,0.8570082061307996,1
GAS,STR,3.0,0.179,HIGH,0.179,0.87887983557565,17.636744243395984,11.703944832918019,11.295909753891834,0.7305193107614592,0.8764729090819753,0.7447020625217612,1
STR,RIC,3.0,0.223,HIGH,0.223,0.12264294372538269,13.968910439566395,21.057068971960227,14.577889214961283,1.1586286604533444,0.8013568479051774,0.8605763307538232,0
RIC,ALO,3.0,0.04,HIGH,0.04,1.1669008373781937,10.864215433961292,5.092640460092057,10.963915969441913,0.5866001339345749,0.7330877776175007,0.8570943955989011,1
ALO,SAR,3.0,0.338,HIGH,0.338,1.0156869048804638,11.57329090739832,11.669983433822884,9.113228035230051,1.0308764142821052,0.743861580333131,0.9209515256554123,0
SAR,BOT,3.0,0.013,HIGH,0.013,0.33357302174610376,18.450369121540767,12.963373871818867,19.759664719397424,1.2136299451056207,0.7653419096858581,0.9417584889618998,1
BOT,ZHO,3.0,0.278,HIGH,0.278,0.30000746392781064,20.0474905887536,15.747912058758457,11.140010094725646,1.3980489472712336,0.7727803317886864,0.827727991590603,0
PIA,SAI,4.0,0.573,HIGH,0.573,0.30174496083877717,20.83158087451697,23.39711232825521,18.411488055187018,0.42849891459763495,0.9466786567739299,0.7876766423119331,0
SAI,NOR,4.0,0.594,HIGH,0.594,0.43466646725549146,20.792362855891078,11.926919887319226,8.449319088366293,0.6590422821330314,0.8627546086019322,0.7752071202219574,0
NOR,RUS,4.0,0.378,HIGH,0.378,0.6772320747954615,6.824122060973807,11.939064037924554,8.19657056037625,0.31338241866258437,0.8517833642985663,0.7564409126444128,0
RUS,VER,4.0,0.762,HIGH,0.762,0.5751395205063273,14.888406094051629,19.750024962194967,5.46701124326767,1.4894769030217252,0.733282972842073,0.7167177988377171,0
HAM,TSU,4.0,0.775,HIGH,0.775,0.42035205421784605,6.151175200332886,14.044358817796143,14.775002380638275,1.3978013550940134,0.9494405110713361,0.7993099138620668,0
TSU,ALB,4.0,0.457,HIGH,0.457,0.7730381841946173,15.99057764647471,9.49209645879964,10.527895155856417,0.8559399823927833,0.9096161479304603,0.7783718307179271,0
ALB,GAS,4.0,0.676,HIGH,0.676,0.253443246717246,13.83061002746754,14.048790322653868,17.965373747594555,1.2788466121269897,0.7196238249510004,0.9802610419012581,0
GAS,STR,4.0,0.213,HIGH,0.213,0.42135911338873994,22.754083655165996,7.817140407595997,12.098148600373356,0.829341168180859,0.9052721781966329,0.8617355596125127,0
ALO,RIC,4.0,0.428,HIGH,0.428,0.5029980276230608,12.018300251041573,8.527739730124466,19.522901418720828,0.9730199632038635,0.8576260830293674,0.8007103413188471,0
RIC,BOT,4.0,0.478,HIGH,0.478,0.6016769826387395,7.341340328552118,14.967355454789594,7.782882735546817,0.22477420496242326,0.7237003502665657,0.8683356042881718,0
BOT,SAR,4.0,0.321,HIGH,0.321,0.9636935575323149,7.859833641056717,13.378508990090959,18.029347519334163,1.157378588695531,0.8329071860433104,0.7403670433902516,0
SAR,ZHO,4.0,0.61,HIGH,0.61,0.3196411603741957,20.230212634349446,23.296918021362,16.648952791876127,0.27879887708932877,0.8405619232677136,0.8287726872686388,0
LEC,PIA,5.0,0.702,HIGH,0.702,0.6656578822549727,17.364361266325222,12.247877982332662,16.563827669660782,1.2564946823535397,0.74807461664735,0.8816079532121085,0
PIA,SAI,5.0,0.617,HIGH,0.617,0.7516560257482466,7.022453522455805,16.611767005560868,17.671748421753314,1.19483932273854,0.9742524626300819,0.8417803712198109,0
NOR,RUS,5.0,0.464,HIGH,0.464,0.1510954539919975,6.682136122299949,17.645285758390607,16.415359864144982,1.092242576840167,0.946492857729392,0.816515852189754,0
HAM,TSU,5.0,0.726,HIGH,0.726,0.7682993370915822,19.0193826291824,5.261889131766672,14.393304824471231,0.15062453273466697,0.8940164778254414,0.9882160327809124,0
TSU,ALB,5.0,0.416,HIGH,0.416,0.2875765360560207,6.4552601272838706,18.270747440334212,6.968673165235813,0.52437969832346,0.834065712690176,0.9552912810231888,0
ALB,GAS,5.0,0.659,HIGH,0.659,0.17155675228380746,21.437201185807126,8.560719337395028,5.487892692368779,0.46835759787518,0.8194120070595075,0.8807877278662376,0
GAS,STR,5.0,0.298,HIGH,0.298,1.1437740909786664,19.124844543129925,24.221406349389103,18.8127177172353,0.6041909704601267,0.8887823054737767,0.865119434742862,1
ALO,RIC,5.0,0.216,HIGH,0.216,1.1621952363820152,6.626975612837995,7.973254555062259,14.24975471781107,0.22269984546937396,0.8581752421280026,0.8799915391491293,0
RIC,BOT,5.0,0.34,HIGH,0.34,0.9892370829281072,6.696754281703838,13.292482474540474,16.948059364642646,1.4117409522434878,0.7180592007057468,0.7583805112685056,0
BOT,SAR,5.0,0.617,HIGH,0.617,0.43507514609070774,24.732791570023508,6.706993361572877,12.22283527268825,0.8753231369973268,0.8486257681433962,0.8145899455466523,1
SAR,ZHO,5.0,0.626,HIGH,0.626,0.20743932540702226,12.485415915122406,24.937485036918947,6.759622834435917,0.5277340349212329,0.9338570489975234,0.7114432645383607,0
LEC,PIA,6.0,0.926,HIGH,0.926,0.8526563291633725,12.412842941337818,15.043900206624851,6.877786883038256,0.6557741239039968,0.8331795645031178,0.8379083508711797,0
PIA,SAI,6.0,0.576,HIGH,0.576,0.5841677431135613,21.25599134515005,16.907700346400876,15.28347930843457,0.7260835567067698,0.7150674074907378,0.8574771293477222,1
HAM,TSU,6.0,0.579,HIGH,0.579,0.2342420583292567,23.944971547677174,6.34152954776855,11.454588423491941,0.9408320667048642,0.9280206778213695,0.7660474234699307,0
TSU,ALB,6.0,0.292,HIGH,0.292,0.6446946011223972,24.720021276457416,19.999209407983557,8.00787090050505,0.8219511987750968,0.7583954968194325,0.979568365677999,1
ALB,GAS,6.0,0.718,HIGH,0.718,0.13782737322674024,20.067563705178834,9.198111861911716,12.373918201121553,1.3871487625001842,0.7750000421175313,0.9637418371718002,0
GAS,STR,6.0,0.601,HIGH,0.601,1.1002524422866602,12.525191710618316,22.961085788814273,5.963134056127012,0.7957488760681624,0.7477648424953658,0.9094215382822127,0
ALO,RIC,6.0,0.385,HIGH,0.385,0.3846579797600186,6.670014333973375,9.102792809640142,13.729571028715982,1.4890212207526377,0.7957623688127342,0.8546821223419552,0
RIC,BOT,6.0,0.232,HIGH,0.232,0.8287745127893801,20.542938318548735,8.813754413273331,9.034901066526466,1.291994940843134,0.9194579366497041,0.9522910562978286,1
BOT,SAR,6.0,0.655,HIGH,0.655,0.442882183698352,16.1680849947161,5.730993356961898,16.96338650955782,0.3919147201002701,0.8506218992561418,0.7378891797088042,0
SAR,ZHO,6.0,0.446,HIGH,0.446,0.6720748232955919,13.484440184939526,14.441338902199984,9.655429383853606,1.4028333005014826,0.7594155695037066,0.9292478403397166,0
PIA,SAI,7.0,0.385,HIGH,0.385,0.7013813072776075,23.12708770189472,16.29682266525233,11.828302236227017,0.26291295703966655,0.9545707226640918,0.7361980360503859,0
HAM,TSU,7.0,0.434,HIGH,0.434,0.30333990107807973,7.223949646123026,6.314172788567047,5.174308098621509,1.2444295918876682,0.9550787379359434,0.9303210921393276,0
TSU,ALB,7.0,0.484,HIGH,0.484,1.1665430905410143,14.852502085817182,20.51055233390021,6.086703316918383,0.6328726108672121,0.9524677432633419,0.7799725947928935,1
ALB,GAS,7.0,0.408,HIGH,0.408,0.952646105697226,5.227072895348382,14.065776694960553,10.887403346100273,1.3291640486230973,0.7692509013006463,0.9543562684952748,0
GAS,STR,7.0,0.472,HIGH,0.472,1.1334488357206078,14.373212839882525,15.487805386551601,12.199082520756853,1.3152793661504305,0.8308594098124865,0.9737722072093654,1
ALO,RIC,7.0,0.422,HIGH,0.422,1.0843100854704135,6.126065513636747,13.815254938764562,14.000308221789556,1.2282955601646695,0.9856470002808537,0.7431508311274835,0
RIC,BOT,7.0,0.352,HIGH,0.352,0.7576899766921936,7.376358325361439,13.01526121750652,9.374938680639548,1.2060426108298858,0.9238836181298972,0.8341759254689641,0
BOT,SAR,7.0,0.526,HIGH,0.526,1.1140616585254284,7.350524935542097,16.19280662616436,15.424728291898138,0.5265507947372571,0.7078785521554123,0.9844863396671787,0
SAR,ZHO,7.0,0.356,HIGH,0.356,0.19734175225711145,17.984206042321272,8.10480491861425,17.90183595783807,0.21328699627175304,0.7189093314655427,0.8401881564322125,0
LEC,PIA,8.0,0.963,HIGH,0.963,0.3155811486610597,19.920897585308467,8.638562609905422,16.697764833400246,0.6641722502712261,0.8345400992755765,0.9504287815292181,0
HAM,TSU,8.0,0.797,HIGH,0.797,0.14975001780159186,16.667375301943192,22.235712420270346,5.594282380225357,0.34293432098111215,0.9636738596998524,0.8707321414180828,0
TSU,ALB,8.0,0.571,HIGH,0.571,0.45786336383959075,24.243450969490837,23.922309242672654,12.207604208867433,1.0729315244634463,0.8562235214062871,0.8088456732966846,0
ALB,GAS,8.0,0.728,HIGH,0.728,0.5275450186584302,12.497411590474082,12.466186325595059,6.573952676272623,0.5845396171528997,0.8443656273299441,0.7828772311025023,0
GAS,STR,8.0,0.873,HIGH,0.873,0.3984839349512855,10.714241725637216,10.414893462871076,8.630675237937911,1.4658542812038808,0.7305873729874228,0.7589346964149652,0
ALO,RIC,8.0,0.303,HIGH,0.303,1.011611260067122,22.371982563789206,17.879990864780314,19.799938899007195,0.9973609082834648,0.8904662303700452,0.9209214754995322,1
RIC,BOT,8.0,0.437,HIGH,0.437,0.49242865936294816,9.471916770389052,13.174683421961928,7.137433143522698,1.2514727890881052,0.9384099165740654,0.8120967469786781,0
BOT,SAR,8.0,0.593,HIGH,0.593,0.4090279606561188,24.264450788812226,5.507727113206897,12.483322301770341,0.2855345418385878,0.8103218021771931,0.8482698840382178,0
SAR,ZHO,8.0,0.391,HIGH,0.391,0.6969656914740733,5.243089493796327,8.123051947323807,14.272336014771787,1.3068202751816715,0.924927436768345,0.8427743892003428,0
LEC,PIA,9.0,0.991,HIGH,0.991,0.2550166474722389,24.39757653415278,19.31944457694795,15.536974558161559,1.391860066718752,0.9796982296312353,0.867410918477608,0
PIA,SAI,9.0,0.257,HIGH,0.257,0.9824166788294435,5.863198239011522,18.178478838203027,13.394730252303711,0.7818866863465103,0.7590922731470298,0.9510173722311202,0
HAM,TSU,9.0,0.836,HIGH,0.836,0.1820057080477479,22.822862273961423,5.54191985006967,5.146562711287755,0.9487541128513683,0.8517655930464749,0.9844144096391945,0
TSU,ALB,9.0,0.456,HIGH,0.456,1.185575630260569,15.554022181725998,9.439443238658988,9.896919623659878,1.1707337212641935,0.7832700078445268,0.8181994204864069,1
ALB,GAS,9.0,0.792,HIGH,0.792,0.9494692462263231,24.859295922386007,9.621495931761428,12.765674650770672,0.34477407816457756,0.9299277815198134,0.9399804874108278,0
GAS,STR,9.0,0.926,HIGH,0.926,0.3185872496875896,6.475931294707977,18.43785487197457,6.317997487172501,0.8035925070488193,0.8675020761055356,0.9217130604498681,0
ALO,RIC,9.0,0.452,HIGH,0.452,0.10607432883596264,16.077085688026415,5.394210755087283,10.259403968137711,0.6581282388812383,0.8840289010895881,0.8663233959221163,0
RIC,BOT,9.0,0.253,HIGH,0.253,0.9970075713003175,24.38605071238198,7.082171639691477,5.498046631870499,0.3049235890271487,0.9313951062886092,0.9772536716474606,1
BOT,SAR,9.0,0.565,HIGH,0.565,0.8775430782323788,15.461956883402976,20.998321707463788,6.178677457325311,0.614548191208144,0.8148314370721119,0.7581376095032367,0
SAR,ZHO,9.0,0.352,HIGH,0.352,0.901907884845086,17.58797276270525,8.570893241086672,10.953849143023941,0.195441233139691,0.9653761198380425,0.7316866209897902,0
LEC,PIA,10.0,0.783,HIGH,0.783,0.9483973813545402,18.914973779692343,18.054922157037495,6.9907363106459055,0.1361366697292818,0.8545783715013806,0.9476489704170724,0
PIA,SAI,10.0,0.876,HIGH,0.876,0.1814491169074994,14.090821295355465,9.76365562093453,13.513112723923372,0.28923280481675184,0.7458068986222509,0.827353446823787,0
HAM,TSU,10.0,0.881,HIGH,0.881,0.4943123013986998,17.55116160168127,6.988827855186903,15.341974537058986,1.4483611562248433,0.9018107442689527,0.9456209677200476,0
TSU,ALB,10.0,0.564,HIGH,0.564,0.22745596547764269,16.686286238462003,9.863443819989081,17.008800486636243,0.8693413502530237,0.9300457916270938,0.9589961595066703,0
ALB,GAS,10.0,0.859,HIGH,0.859,1.0494137684631528,23.02316020981978,19.44533863711318,8.002253663672152,1.4521510256145078,0.7918608863495827,0.7181127021495307,1
GAS,STR,10.0,0.945,HIGH,0.945,0.7856279395103136,5.908927606829158,22.113929362125717,7.512238733886046,0.7054970296621847,0.9485819845296384,0.9562047812659575,0
ALO,RIC,10.0,0.33,HIGH,0.33,0.46398782733791405,10.619263791844606,21.604397291339833,6.5685176050160035,0.5365425863193634,0.9627815438820723,0.8300125260571324,0
RIC,BOT,10.0,0.44,HIGH,0.44,0.169914185314626,24.008229681531176,12.943670592369097,14.54645374315455,0.8085986079763416,0.7803023013395646,0.8480254218112273,0
BOT,SAR,10.0,0.529,HIGH,0.529,0.4420805538872284,22.805275677818326,18.361702731412922,15.597135897303517,0.7153163640860741,0.9852212270874144,0.881711828217031,0
SAR,ZHO,10.0,0.483,HIGH,0.483,0.4577016542294217,14.11313505571426,9.09968590831642,5.473792172384631,0.24793055796644148,0.74080634313414,0.9686509559517251,0
LEC,PIA,11.0,0.898,HIGH,0.898,0.9025667961718704,17.402651956030734,10.862954605220265,19.043183693655347,0.9971568405662887,0.758584543836722,0.7055436673846315,0
TSU,ALB,11.0,0.535,HIGH,0.535,0.8013132184907343,10.547623659622653,22.926716370422394,5.7795692547720865,0.4024534555134394,0.7534252033790275,0.8382846058121669,0
ALB,GAS,11.0,0.691,HIGH,0.691,1.075934016833959,8.762423194475225,5.26003847021472,13.119445029516058,0.9674231368569614,0.9592570159022824,0.8994393923048626,0
ALO,RIC,11.0,0.442,HIGH,0.442,0.6194364176781442,14.273968098799642,6.710170617089362,15.635907791763746,1.0102815293574148,0.8897448401742389,0.9095850177324862,0
RIC,BOT,11.0,0.411,HIGH,0.411,0.23155367053213186,12.067044560521056,9.157725102920546,18.064536856191285,0.31283479438010736,0.7441102421344591,0.9008344051457613,0
BOT,SAR,11.0,0.526,HIGH,0.526,0.8845692659452944,16.67312223701744,5.530644077476394,15.711303981986417,0.18588947795493543,0.8276937913268212,0.7389861875283553,1
SAR,ZHO,11.0,0.483,HIGH,0.483,0.9368635534785871,6.554692739299696,8.628708701795947,17.025921246046877,1.1930662204958158,0.8784364272702425,0.7868247206277875,0
LEC,PIA,12.0,0.75,HIGH,0.75,0.7174049173264457,24.48789615332333,16.66083121939384,10.091752888142091,0.7437205932770482,0.7242045846469212,0.8040275023709339,1
PIA,SAI,12.0,0.593,HIGH,0.593,0.948063897950017,24.72421488959206,13.428491011849959,17.222376706197682,0.1814293137076661,0.9559007468381282,0.9332867902270564,1
HAM,TSU,12.0,0.999,HIGH,0.999,0.6431751560008298,18.963234280394904,22.853434221539498,6.201722695770127,1.492812844037674,0.9330450252780452,0.7808403630002203,0
TSU,ALB,12.0,0.76,HIGH,0.76,0.6750061123201934,15.721927326882408,21.34887123476882,18.422249840907913,0.1808927853949133,0.846509964337225,0.7611044395214889,0
ALB,GAS,12.0,0.475,HIGH,0.475,0.5702951201944045,11.190552325726555,11.83634703395752,13.213885642306044,1.0730493204019744,0.9804667184251594,0.9776599255210479,0
ALO,RIC,12.0,0.554,HIGH,0.554,0.1279610394185047,21.275900394138972,10.18846866862585,17.259466549437406,1.477150495368779,0.8211506839897789,0.7025703526829059,0
RIC,BOT,12.0,0.428,HIGH,0.428,0.21868056969263489,18.694623451077586,12.593848163345339,11.784774267774502,0.4348521459022959,0.9853919925205844,0.9893680481477737,0
BOT,SAR,12.0,0.471,HIGH,0.471,0.13457210425540767,8.252338786897827,16.805898850296156,14.653665427947875,0.2991491161620746,0.8936967996530518,0.8962781766686447,0
SAR,ZHO,12.0,0.554,HIGH,0.554,0.8000514523901584,23.21854368987685,10.361272816457525,12.896039914041697,0.26993891519140045,0.884054669243643,0.9402560968402439,1
LEC,PIA,13.0,0.633,HIGH,0.633,0.4457915791839593,21.45074485846338,17.482978156982682,15.973842826329978,0.5245852065946337,0.7481269196357776,0.785439624940396,0
PIA,SAI,13.0,0.432,HIGH,0.432,0.659427760281173,23.99599826583848,13.188233043824809,6.2244497304588435,0.24146413541490536,0.9557590499083467,0.7041514305234473,1
HAM,TSU,13.0,0.924,HIGH,0.924,1.0983231213187021,19.5143901677672,16.040943617039606,5.905281259858457,1.0690258783717845,0.8239720094969784,0.9139821603828437,0
TSU,ALB,13.0,0.492,HIGH,0.492,0.3742214520637624,17.268303918715798,13.722530582706334,8.706548510152196,0.18720851738208777,0.747047687676919,0.941901933130196,0
ALB,GAS,13.0,0.943,HIGH,0.943,0.5514212153391926,13.364860725812377,10.889315190838353,7.393170201697825,0.8131909794097055,0.7036561807929701,0.9147380782665205,0
ALO,RIC,13.0,0.465,HIGH,0.465,0.9311062523973535,23.654569667080267,23.969066139243132,18.076753498883026,1.4953755953941674,0.862329148255131,0.7414265833172432,1
RIC,BOT,13.0,0.479,HIGH,0.479,0.3516779820407847,22.321277790008168,20.272115883195216,8.288209810370665,1.2395583773084262,0.8529458904155761,0.918494097454521,0
BOT,SAR,13.0,0.547,HIGH,0.547,0.1846779008116723,5.904373402123788,7.8022635153290505,19.63797883728697,0.9613072135234152,0.9086125504870559,0.9229876068112158,0
SAR,ZHO,13.0,0.343,HIGH,0.343,0.4187265982051448,5.5273394899450405,22.369359517958255,10.053436876566602,0.5287550691012564,0.9581748353751626,0.8909767495443159,0
LEC,PIA,14.0,0.361,HIGH,0.361,0.2773434159794049,12.529267337560992,14.748623964990273,7.73176873533049,0.9734541708082938,0.7230279095464786,0.9221736205107199,0
ALO,RIC,14.0,0.453,HIGH,0.453,1.1226674175768303,21.211066615636657,22.89104453788183,16.845477607137187,0.8378580494763123,0.9121339821987051,0.9453172175065423,1
RIC,BOT,14.0,0.603,HIGH,0.603,0.9889324175208586,24.74552258629889,20.997105118946305,14.880616632513142,0.6965167374465201,0.7543494637882988,0.8779451931288629,1
BOT,SAR,14.0,0.506,HIGH,0.506,0.7967441321614658,8.008337822070564,13.504270089384669,12.472935746797084,0.28299452743627923,0.9488713454155775,0.7256953670512069,0
SAR,ZHO,14.0,0.373,HIGH,0.373,1.0586066492064894,16.8826143070427,5.449386166402348,13.330453264064468,1.3412459013366533,0.9375284190198803,0.8414120648034912,1
LEC,PIA,15.0,0.462,HIGH,0.462,0.9840392845890258,12.61781713262043,10.373547187698922,15.788026674083957,0.7296985083498515,0.8568301889458079,0.7225183070547654,0
TSU,ALB,15.0,0.572,HIGH,0.572,0.3052270647746394,24.398287956292066,15.832684293217339,8.426821119969482,0.37247151654907107,0.9059704116007603,0.8181874789994049,0
ALB,GAS,15.0,0.382,HIGH,0.382,1.0818148983389755,21.842378462714173,17.669564396522944,19.94500874085113,0.6148630912282055,0.791161532823287,0.818060881846432,1
ALO,RIC,15.0,0.452,HIGH,0.452,0.6932764661072157,21.766574094222758,10.157753708664046,19.62189743220175,0.6797816535404978,0.8366386906905162,0.71914285480067,1
RIC,BOT,15.0,0.433,HIGH,0.433,0.9881841706804687,14.373863195899405,7.787121481456483,14.754885295204053,1.258553053793624,0.9382747003360368,0.8011579548511489,1
BOT,SAR,15.0,0.504,HIGH,0.504,1.0857004299158424,13.296390046753304,21.69860473598598,7.993136763937177,1.1270601327859628,0.833186907180232,0.7321894486494812,1
SAR,ZHO,15.0,0.418,HIGH,0.418,0.4498038224690502,10.468141438614126,24.68804361407104,15.20342363646937,1.1770268510978756,0.803761496944378,0.9343882109026744,0
LEC,PIA,16.0,0.888,HIGH,0.888,0.22105711698044442,6.127509933018542,15.513803646053717,6.082976134687637,0.1154437702001061,0.843321609702587,0.9748295275296965,0
PIA,SAI,16.0,0.449,HIGH,0.449,0.35072867879613584,22.294447525101063,8.43358571696607,5.459787533087091,0.6826155974516661,0.9401922832067933,0.7209717778248022,1
ALB,GAS,16.0,0.857,HIGH,0.857,0.5698185674888819,21.258020182601552,10.446146530387379,8.865243327668205,0.7738818122894531,0.797210333737553,0.9769834101145934,0
ALO,RIC,16.0,0.568,HIGH,0.568,0.9998162425147423,24.99435346572261,5.367813530949334,11.939344351089744,0.12686918755227936,0.7503908620093657,0.8515472138076561,1
SAR,ZHO,16.0,0.525,HIGH,0.525,1.0468036415819777,24.93273674147811,23.28597613120998,18.02408758112571,0.46373849224304786,0.9064840658959264,0.7868740466066234,1
LEC,PIA,17.0,0.561,HIGH,0.561,0.10764734358430977,16.10863411205255,7.355021657802823,15.90753604649462,1.164405752370989,0.9395336816853437,0.7222900018300874,0
SAI,NOR,17.0,0.904,HIGH,0.904,0.6618220328353223,20.37974830361021,16.53032951028507,16.140597817999716,0.2919535880205987,0.7291848687718246,0.8451810377404212,0
ALO,RIC,17.0,0.375,HIGH,0.375,0.5591521034636568,23.89531459764856,10.48110441374412,11.38240001672113,0.8494341840336282,0.769563492699224,0.9304095079023171,1
RIC,SAR,17.0,0.621,HIGH,0.621,0.34431859151780325,21.99294781354823,16.083560050315867,10.189024888204443,0.4012826208241325,0.7411718770306882,0.9050550784073425,0
SAR,ZHO,17.0,0.36,HIGH,0.36,0.23185190406705108,9.946962034863953,18.028407767037283,10.565581444769041,0.11696908450145059,0.8009030093588283,0.7145655433245524,0
LEC,PIA,18.0,0.31,HIGH,0.31,0.47137668854399073,14.01088270620187,21.594836074144034,19.81474345604087,0.43768204063935806,0.8306017838825697,0.721141532256692,0
ALO,RIC,18.0,0.438,HIGH,0.438,1.137200674303771,7.5831883030299,9.128425435212064,5.601637871187237,1.4662232568740752,0.9171596377193588,0.8168332519634647,0
RIC,SAR,18.0,0.775,HIGH,0.775,0.45552322522283073,24.081020545174447,5.219916573169609,18.00547244183673,1.2221519566361854,0.8888327996156855,0.7856342432739035,0
SAR,ZHO,18.0,0.323,HIGH,0.323,0.6706696839177027,17.123492689017603,7.7377126013761455,13.6801311285859,1.4434073020494467,0.880069284568745,0.7673914536862538,0
LEC,PIA,19.0,0.562,HIGH,0.562,0.8733208547846956,9.572856110069255,23.0003728369621,11.579231287843857,0.7829956614969074,0.8021887345167997,0.7814913046835269,0
PIA,SAI,19.0,0.592,HIGH,0.592,0.49999256261722336,18.434013688117133,22.477801551250305,15.878864906227047,0.25363067814850493,0.9440197903945804,0.9330099955560965,0
ALO,RIC,19.0,0.471,HIGH,0.471,1.1689602909930565,17.362564809157917,16.948262043406167,12.300034121370542,0.8671432845631701,0.8366732785454677,0.9694761355532376,1
RIC,SAR,19.0,0.698,HIGH,0.698,1.1586920244363221,12.16325436065681,17.010337208673068,18.101348571224907,0.7361282683839452,0.9839404320243949,0.8174797814129943,0
SAR,ZHO,19.0,0.203,HIGH,0.203,0.37696052540790054,7.27115184399258,18.30073349092511,18.51052796016888,1.2820999158354622,0.8839012201057637,0.9627721906184241,0
LEC,PIA,20.0,0.899,HIGH,0.899,0.6469733564816239,18.431463911855992,8.507425572468993,11.325813903101832,0.2373156130979424,0.7366167750537057,0.7932337533618857,0
PIA,SAI,20.0,0.858,HIGH,0.858,0.4309661407984466,15.406154018075867,23.288238918499196,9.152416958525773,0.7835375918304894,0.8960914930018758,0.8381667260396996,0
TSU,ALB,20.0,0.717,HIGH,0.717,0.41332454381521433,20.446367834712788,13.375410497841463,13.885254928900434,0.31006813057157795,0.7942801644751927,0.7655484093666399,0
RIC,SAR,20.0,0.609,HIGH,0.609,0.14057564208998607,15.403270022239868,12.662770564989948,18.685450184250364,0.554546297646084,0.8990348870389683,0.8857380522309948,0
SAR,ZHO,20.0,0.402,HIGH,0.402,0.7705207673778864,22.0436300063708,15.37835410565675,8.159932835084998,1.1322999083429195,0.7201959329670976,0.9839045234006946,1
SAI,NOR,21.0,0.861,HIGH,0.861,0.6529469255517476,16.03813677548971,5.939319335501101,14.344498753452243,0.7664253811162731,0.7507156167810282,0.8750129978525798,0
RIC,SAR,21.0,0.52,HIGH,0.52,0.15662662637498828,16.218759430707724,8.325667375121588,14.473403301387808,0.626243599204077,0.9481638050826781,0.8037660843929292,0
SAR,ZHO,21.0,0.453,HIGH,0.453,0.40651111066027257,22.5330720531669,19.76067232852741,15.996695336229214,0.6522667899980494,0.7658820715368193,0.8878670593372532,0
ZHO,BOT,21.0,0.928,HIGH,0.928,1.099092474563319,13.069657324247942,6.655973358502529,6.973515276908897,0.7432254757683813,0.9427419263204526,0.7356469967549624,0
SAI,NOR,22.0,0.927,HIGH,0.927,0.3635180797336696,7.680304569012815,17.063042189327764,15.737374470231329,1.1990231613718796,0.780990065651779,0.9577111332769656,0
GAS,STR,22.0,0.46,HIGH,0.46,0.25938435930034537,5.5756535262667795,9.906982193626419,18.635487809984614,1.3489185645163282,0.8864357539170252,0.8458943457261525,0
RIC,SAR,22.0,0.552,HIGH,0.552,0.6383980363053192,20.10274511347238,12.785912280839531,7.69524663305363,1.4374685611054996,0.901303666317851,0.8303114251914961,1
SAR,ZHO,22.0,0.273,HIGH,0.273,1.1842154995216607,17.406191027069294,10.773874735413997,8.563149873858166,1.201664740757413,0.8486698784120653,0.8699007886515205,1
ZHO,BOT,22.0,0.721,HIGH,0.721,0.36626079866265043,19.081595361984473,12.113454329298982,19.570926410624594,0.5415696540472178,0.788540096242052,0.8811873202089266,0
RIC,SAR,23.0,0.6,HIGH,0.6,0.8393491021464663,9.259283230178214,19.38091810368491,7.714654290642347,1.063388588521159,0.7616668691476178,0.7208149838056888,0
SAR,ZHO,23.0,0.459,HIGH,0.459,0.9377815768615892,7.727429511735395,10.9424343124635,17.815776400543687,0.7126443736775486,0.7096249128231036,0.8979589941547866,0
ZHO,BOT,23.0,0.66,HIGH,0.66,0.3614012983916396,5.290893313357639,16.328092805937942,12.384167846720523,0.45653887086447165,0.7881444563598099,0.7701601872915036,0
TSU,ALB,24.0,0.826,HIGH,0.826,0.9010379834730454,12.01175117613194,14.521008043981993,8.708466116047656,1.2772202111962916,0.8894172092540721,0.907046263426911,0
RIC,SAR,24.0,0.531,HIGH,0.531,0.5045614459911785,16.79835373709266,18.273423307252962,18.06124851908767,0.15379688854725498,0.9721083973500599,0.938535090371417,0
SAR,ZHO,24.0,0.658,HIGH,0.658,0.7955364136529374,12.844880901994646,23.73659478649516,11.679578825039982,1.362466788989593,0.9526492998562851,0.9331479671902309,0
ZHO,BOT,24.0,0.618,HIGH,0.618,0.7968826818369841,13.749498440474582,19.651441944205004,12.722260308945353,0.7460684504746278,0.9221587851952378,0.8602252805482878,0
TSU,ALB,25.0,0.957,HIGH,0.957,0.6893521524822342,23.083173889874967,9.298807571815136,10.388500540996485,0.9920820675315926,0.9286497295434566,0.8508492687701178,0
ALO,RIC,25.0,0.671,HIGH,0.671,0.19931874705984912,11.965109340466007,5.623662701225694,13.89426277152391,1.0230954910880958,0.8928456220080386,0.7414340287884293,0
RIC,SAR,25.0,0.578,HIGH,0.578,1.0188327451481616,15.279789783196216,10.245280885996502,7.452858088775342,1.353164836989151,0.7754831886941408,0.9248503836169093,1
SAR,ZHO,25.0,0.61,HIGH,0.61,0.4528580714689094,20.67306025482286,16.901558614005097,10.86622304977641,0.9913375550340902,0.9630865589046906,0.7787087203295471,0
ZHO,BOT,25.0,0.835,HIGH,0.835,0.3051703614398396,12.930855646425403,6.0285162696850065,19.541184835029313,0.9595070186640864,0.8945123704526918,0.8440416726172044,0
TSU,ALB,26.0,0.951,HIGH,0.951,0.1448526557102403,17.44173400455747,14.927324944024727,8.872001490516913,0.19331285678496596,0.8625277829843275,0.7824394869489798,0
ALO,RIC,26.0,0.609,HIGH,0.609,0.7499822375070659,22.247274174934905,16.936856978337783,14.851049968119383,0.8257712307232856,0.7321869460719095,0.738810225269911,1
RIC,SAR,26.0,0.452,HIGH,0.452,0.8453207980265106,23.990412473152844,11.684877816339217,9.877850963370424,0.3102366011438583,0.8296461077038634,0.8825717320986036,1
SAR,ZHO,26.0,0.47,HIGH,0.47,0.11824661182064176,7.941469618580759,20.418244074916437,16.60209688529901,1.1324072762100799,0.8335038986485586,0.7157562900986421,0
ZHO,BOT,26.0,0.855,HIGH,0.855,0.6633023641292091,23.53175250322989,7.131965062675436,6.963104910775248,0.8171106891377442,0.9507234467615743,0.9171071178965979,0
TSU,ALB,27.0,0.966,HIGH,0.966,0.3491453527177317,14.842325861590764,6.502755634716175,19.547315676178172,1.0523188908916945,0.8585279838544586,0.7921001706257238,0
ALO,RIC,27.0,0.442,HIGH,0.442,0.8096900694503948,10.164887765979167,19.563775124072066,11.80684312075459,0.15834206084333796,0.8103161592014188,0.7000390609713008,0
RIC,SAR,27.0,0.69,HIGH,0.69,0.29180307190549054,14.182715124765226,14.90982632412397,8.54075695019696,0.2187088224641245,0.9832720952680912,0.8482274503787967,0
SAR,ZHO,27.0,0.41,HIGH,0.41,0.8600315119127124,24.600651505709543,18.768047928554722,6.10245120995019,1.102852743287755,0.7321089720646315,0.7135870534730049,1
ZHO,BOT,27.0,0.837,HIGH,0.837,0.5254088809305911,14.852361879857392,13.696546772074925,7.546368576313111,0.20091807039814272,0.8225390442104639,0.7800891717680608,0
SAI,NOR,28.0,0.992,HIGH,0.992,1.1304029876104078,11.575032205750164,9.928040664782136,12.796609228340264,0.19975941887136203,0.7121871557997075,0.9050231813621576,0
ALO,RIC,28.0,0.504,HIGH,0.504,0.2512730385605926,17.668017086334515,21.382046353483993,10.055047646469294,0.11695186532884244,0.9145721950224098,0.7181799902703411,0
RIC,SAR,28.0,0.556,HIGH,0.556,0.4751729861552843,9.802912375563862,20.988317579379586,17.433250488239143,1.439101957619272,0.9662422001377536,0.9434081627832407,0
SAR,ZHO,28.0,0.472,HIGH,0.472,0.22482087336464796,6.517266562173278,18.893929417088536,11.46331285492709,1.1325117032426097,0.7812108255696419,0.7011077775709891,0
ZHO,BOT,28.0,0.914,HIGH,0.914,1.117162980106419,7.5775944382129845,10.442902744599253,8.730714088814448,0.5945519719028898,0.948919086271745,0.7715789220685516,0
SAI,NOR,29.0,0.949,HIGH,0.949,1.065073288719079,7.560916779155448,16.804613337381742,14.25717479906045,0.5151498138027173,0.7847432868339503,0.9148621762841007,0
TSU,ALB,29.0,0.515,HIGH,0.515,0.3837357904866711,8.038053870245887,12.219477938800535,15.601658253281688,0.5895845216441894,0.9641233468767354,0.7917183434214989,0
ALO,RIC,29.0,0.526,HIGH,0.526,0.8259824506375969,7.776543452988203,6.831641466532683,7.505628618514248,1.1845149436536546,0.9186489520430673,0.7295487925391438,0
RIC,SAR,29.0,0.594,HIGH,0.594,0.9989444202213373,17.817494896064293,23.346271509244858,7.514288244324765,1.02591885549858,0.9334229652840171,0.804467836452124,0
SAR,ZHO,29.0,0.384,HIGH,0.384,0.7107208927594085,8.637601687982897,7.736372618379228,5.550071404003145,0.3592737950144551,0.7052219011241317,0.7784140530515123,0
TSU,ALB,30.0,0.949,HIGH,0.949,0.682615636191607,11.913345666477264,24.00474707641605,16.04603022598461,0.34375306946771805,0.9792150035514675,0.9443864516265609,0
ALO,RIC,30.0,0.586,HIGH,0.586,0.36603751999049683,22.935768198120236,13.920115459159115,14.957067914327077,0.23775390959875622,0.9107345877003937,0.7908708960996915,0
RIC,SAR,30.0,0.663,HIGH,0.663,0.20241304458648912,14.479232805257446,8.702658576772393,12.119463136247209,1.0244238075818732,0.7883778176619787,0.928790416815042,0
SAR,ZHO,30.0,0.388,HIGH,0.388,1.0869373337486594,18.351154770420543,15.838018947567162,17.662556734537958,1.1701217271104303,0.9405244528090656,0.958642921995113,1
ZHO,BOT,30.0,0.682,HIGH,0.682,1.0904598628796633,8.446397424032597,22.458916717528165,17.085052294250797,0.4710649996550056,0.7816411475403297,0.8258070516771935,0
LEC,PIA,31.0,0.912,HIGH,0.912,0.7964116030005947,8.845780376173416,19.644497728191222,13.780315465951283,0.12932294544327794,0.9530986134741771,0.9638835117177736,0
PIA,SAI,31.0,0.568,HIGH,0.568,0.4729327701535707,5.817372325329577,21.131222957228996,18.02406920769888,0.21504033446699827,0.7326483132194617,0.8094222356493259,0
ALO,RIC,31.0,0.452,HIGH,0.452,0.4841305320739269,8.378701261443291,18.175667334214346,8.087618150551524,1.4550040487830427,0.9040689334636307,0.9795827407821314,0
RIC,SAR,31.0,0.603,HIGH,0.603,0.8985512467572632,10.571806780639172,18.845531290357048,6.678794290965918,0.5136226884683883,0.856802558227024,0.7258939621124161,0
SAR,ZHO,31.0,0.592,HIGH,0.592,1.0868212859478348,8.540209685534936,21.983913031306386,9.046244172754845,1.176912406973387,0.7279949963566777,0.8992355872859403,0
LEC,PIA,32.0,0.968,HIGH,0.968,1.075795066691629,6.774050675141112,9.99336017718372,5.856302841339723,0.9745289963959692,0.7701492101950632,0.8432060717325093,0
ALO,RIC,32.0,0.513,HIGH,0.513,0.9578631004433862,7.412717422012016,14.78849927286281,12.96754292001548,0.6347154955140543,0.7035971705204213,0.8124181535821376,0
RIC,SAR,32.0,0.675,HIGH,0.675,0.8062348107697165,14.215575360654515,9.424188836392045,19.049085384424423,0.3879621670737771,0.8359427099847067,0.8834864448370943,0
SAR,ZHO,32.0,0.623,HIGH,0.623,0.1925539614945537,9.12667436811585,24.75336015993294,5.590153110027645,0.269940985423169,0.7873669256204001,0.904118556573956,0
LEC,PIA,33.0,0.812,HIGH,0.812,0.2777915855040751,12.28539722096151,23.881186793732265,6.831648710150402,0.9610181552544133,0.87352367044635,0.7012653481985895,0
SAI,NOR,33.0,0.493,HIGH,0.493,1.088409607379787,15.068345417097138,5.788536227370118,11.78298542425153,1.184487292892903,0.786198964235499,0.7484163957366876,0
ALO,RIC,33.0,0.443,HIGH,0.443,0.7670719656255488,18.807896572587307,19.11150345031377,19.008125262918576,1.0014659549575828,0.7869765423370255,0.9067833546839524,1
RIC,SAR,33.0,0.532,HIGH,0.532,0.11011675677829262,5.786242796821979,23.504966348313317,9.742341574651258,0.8424229865488216,0.915526027632165,0.8932517699376799,0
SAR,ZHO,33.0,0.608,HIGH,0.608,0.21161869715263532,20.988207978180853,8.61150690254667,12.608522130325886,0.15873171280429077,0.7139614224337224,0.9801537764873164,0
ZHO,BOT,33.0,0.93,HIGH,0.93,0.8298519460188613,17.558007789818156,16.35890461105259,5.6235928857558815,1.4558842886321373,0.9618395486056763,0.9207009591727271,0
SAI,NOR,34.0,0.948,HIGH,0.948,0.10556774223084056,6.635180638977438,23.309765951760838,7.225148014431333,1.2181998683164044,0.9471565235734426,0.975724085242088,0
TSU,ALB,34.0,0.511,HIGH,0.511,0.2768888565592485,22.471572482135546,5.678919571715976,19.799451844382702,0.5099508513813507,0.8936633581356579,0.903736745445094,0
ALO,RIC,34.0,0.488,HIGH,0.488,0.7036071683032447,23.417448010636264,18.9484053449368,19.476780446540683,1.4719584611023908,0.8720342553311414,0.7864351405054385,1
RIC,SAR,34.0,0.667,HIGH,0.667,0.8610847174619625,6.221559197097275,10.946980147451015,5.074099714016144,0.9426342254908509,0.9587677244604992,0.7305558274527484,0
SAR,ZHO,34.0,0.755,HIGH,0.755,0.8171573854528605,10.537552962944075,23.487923907530607,19.277176781348583,0.915391721490145,0.7537457520633272,0.9267289203700313,0
ZHO,BOT,34.0,0.778,HIGH,0.778,0.34669624040661573,21.124025595861227,24.421164903307357,14.586799067232505,1.147302451201345,0.7229010570353402,0.8868032742280156,0
TSU,ALB,35.0,0.492,HIGH,0.492,0.8833971434822894,19.965193807673167,23.885329782268677,18.01877441780033,1.2364777033261924,0.769457949273766,0.7139739435940559,0
ALO,RIC,35.0,0.451,HIGH,0.451,0.3609739962464801,8.690420387127546,14.484284333149276,11.821097834507887,1.0190700502641037,0.9304277008230551,0.8044146351112836,0
RIC,SAR,35.0,0.565,HIGH,0.565,0.4579396679751945,9.186986466734206,22.240853019786268,12.733940428688754,0.27933404491268005,0.7100543773506801,0.977471946490443,0
SAR,ZHO,35.0,0.753,HIGH,0.753,0.9211405456298265,12.40944205582764,21.890987970701406,12.332698703853803,0.5735745083922977,0.869013982174212,0.8451163322559583,0
ZHO,BOT,35.0,0.945,HIGH,0.945,0.8145961889519361,14.690459703820427,11.382009464865114,15.002963863191566,1.3993170964564696,0.9886768796954799,0.8254914494457143,0
TSU,ALB,36.0,0.335,HIGH,0.335,1.0341457515435957,17.36509543060592,21.57830948301355,7.094768821344694,0.4144618565813927,0.9481518672128865,0.8327328854961952,1
ALO,RIC,36.0,0.559,HIGH,0.559,0.8233741815303777,12.378272791395448,5.740152694309852,5.449603848090169,0.6210338333725186,0.851219249822641,0.7605759899614974,0
RIC,SAR,36.0,0.609,HIGH,0.609,0.7251394636690187,14.250694322662959,16.92539756964106,9.618949123867864,0.7049076361218743,0.7184558636931262,0.8069250795507906,0
SAR,ZHO,36.0,0.541,HIGH,0.541,0.20304224461090173,19.94941876267513,9.60017674575406,15.5702114410497,0.715166985572233,0.9410983191718558,0.8072458442362812,0
ZHO,BOT,36.0,0.827,HIGH,0.827,0.5044873833653768,5.733664057811958,7.411337715545576,8.027801781844225,0.9581154154923357,0.873703767371391,0.715182955854367,0
SAI,NOR,37.0,0.734,HIGH,0.734,0.391722604449898,10.048738886880415,6.539064032584183,15.10148649987376,1.4203061728425905,0.7333305691472743,0.9225946122701962,0
ALO,RIC,37.0,0.557,HIGH,0.557,0.3683886077169919,19.26699171769105,18.925775517562794,19.548680691609057,0.43696979656550694,0.7272186125987733,0.8207862852521248,0
RIC,SAR,37.0,0.617,HIGH,0.617,1.17031161022769,22.904136753743987,11.797499275361323,6.408510736841276,0.2701019268212853,0.9637917776366118,0.9384321671767627,1
SAR,ZHO,37.0,0.393,HIGH,0.393,0.5324074971334364,15.233548842313322,19.495335430575228,15.089031773376893,0.37645868580391223,0.8940680762520428,0.9466009203247696,0
LEC,PIA,38.0,0.992,HIGH,0.992,1.0812512106948244,15.642269705306314,6.307126815978847,11.656253289568568,1.3416948602929772,0.9404931718018591,0.7614782758626109,0
GAS,STR,38.0,0.699,HIGH,0.699,0.794252488596989,7.143440226795521,11.305806756612206,18.02213381566258,1.0041351377172885,0.9549038810818575,0.8906325098293373,0
ALO,RIC,38.0,0.403,HIGH,0.403,0.9742924338958131,13.948247336469093,15.789825847506744,7.657246841710789,0.5002695049348241,0.8658139820940134,0.8369617232072647,0
RIC,SAR,38.0,0.663,HIGH,0.663,0.6529008024157112,15.652345329100463,20.81446329677927,15.389389283392468,1.242325714556064,0.850059442008962,0.9552454539972307,0
SAR,ZHO,38.0,0.438,HIGH,0.438,0.7345942730889949,9.849410072694592,11.3750500586414,17.571729344721653,1.3059179949088104,0.8248239489930871,0.7625647969611716,0
ZHO,BOT,38.0,0.974,HIGH,0.974,0.6417694632007502,10.384864618987619,17.51782752874018,19.16921329211035,1.285120074166389,0.7919145104594245,0.8965658280899128,0
SAI,NOR,39.0,0.697,HIGH,0.697,0.3147672865778489,12.545683262092453,22.71955496472374,15.248720424344688,1.3864971470953762,0.8260328286490264,0.8762481154532895,0
GAS,STR,39.0,0.977,HIGH,0.977,0.8946973267876558,5.401423955554527,17.317263763646093,12.45762146012641,0.4531374282427062,0.9244251001617453,0.7856374284958315,0
ALO,RIC,39.0,0.42,HIGH,0.42,0.40884959868494136,11.441583311663566,9.659189495072676,14.267708603018207,1.1570587002447896,0.8745577949943881,0.7396142620588401,0
RIC,SAR,39.0,0.695,HIGH,0.695,0.12674756307459922,9.228960139930892,5.488015631130761,18.033574767180774,0.744755296183796,0.9588317540869054,0.8889755305384102,0
SAR,ZHO,39.0,0.397,HIGH,0.397,0.8100195254978845,11.549947043558292,22.401977478018598,13.559146199582445,1.278797974046086,0.8285802041699644,0.9141932628583759,0
ZHO,BOT,39.0,0.832,HIGH,0.832,0.2948217473477538,7.395242636385024,5.425388217007743,5.455805895452553,1.1198869480262583,0.8760559778284387,0.7915319296913714,0
SAI,NOR,40.0,0.69,HIGH,0.69,1.1345044427882056,22.8105456147979,22.49403345368399,18.964230432604666,1.1870264250996145,0.8830791903966767,0.887001455166471,1
GAS,STR,40.0,0.524,HIGH,0.524,1.149321434702846,16.871849071080973,15.57874268054424,15.342901265473417,1.0186265727535,0.8715921770688344,0.814587963207336,1
ALO,RIC,40.0,0.41,HIGH,0.41,1.1063508292424933,18.582046382889793,23.781353970257925,15.147700786658698,0.3484002772575896,0.9037637941947997,0.9068299961519591,1
RIC,SAR,40.0,0.713,HIGH,0.713,0.5071745702809888,20.783424772146766,20.975664715473307,8.235127285965758,0.8630376864557137,0.7688557058286938,0.7577724297192754,0
SAR,ZHO,40.0,0.357,HIGH,0.357,0.11700227818175417,14.968843978581145,24.95868221066675,14.883282053489857,1.4785376353343114,0.8485854954882792,0.9581623507644905,0
SAI,NOR,41.0,0.861,HIGH,0.861,1.1211504188464978,6.738405761748474,12.014236309034203,10.907966084812378,1.4123432930959665,0.7302251928144208,0.7833487829750181,0
GAS,STR,41.0,0.59,HIGH,0.59,0.5710025631490457,15.742130836370956,20.343765778622537,14.768494655622382,0.16044323011581635,0.8115082850169956,0.8066579364492843,0
ALO,RIC,41.0,0.525,HIGH,0.525,1.1633203009480364,16.736822360417584,13.038618272184843,6.598895454619861,0.33074074202121195,0.8414234499001666,0.7168466661033014,0
SAI,NOR,42.0,0.666,HIGH,0.666,1.159981974798178,19.9087894836866,14.597512406078177,14.86767956904554,0.28442028283638665,0.889145035268187,0.7323385415731701,1
GAS,STR,42.0,0.59,HIGH,0.59,1.038310401014096,13.633190924593588,17.5501092643674,19.99120588656,1.1163718739794137,0.975654005249999,0.8495999517865751,0
RIC,SAR,42.0,0.783,HIGH,0.783,0.4238937812765442,7.551606055911275,22.473542283726776,5.72318058290834,1.244899461799723,0.8741888092990232,0.7776018762511117,0
SAR,ZHO,42.0,0.295,HIGH,0.295,0.5236075014621178,10.675518115974489,24.681669383985902,19.657612763319758,0.39891591283494066,0.9156422356912023,0.9422892654652364,0
ZHO,BOT,42.0,0.496,HIGH,0.496,1.0362503386685424,12.261645927972701,20.365468277290365,11.10361941084306,0.8081937701325606,0.8468171572536087,0.7042610827099366,0
PIA,SAI,43.0,0.616,HIGH,0.616,0.4486142056719054,17.918344826632023,13.355335643346676,18.06130175505889,1.2769842392156798,0.8838901690991361,0.8099372741148615,0
SAI,NOR,43.0,0.931,HIGH,0.931,0.2864420213547017,16.41556609337824,13.427140045541403,16.735782260874103,1.1259221626727507,0.7205703426787943,0.7978302085630369,0
ALO,RIC,43.0,0.492,HIGH,0.492,0.7124813887041851,12.121934517956925,19.75164603177783,13.505243914800017,0.8591320876885875,0.7737735584441356,0.7056050129661042,0
SAR,ZHO,43.0,0.382,HIGH,0.382,1.1297702515768588,24.730304975859593,9.775542915366046,16.076738138769898,0.926486766642282,0.8049373970294902,0.736066835710148,1
ZHO,BOT,43.0,0.648,HIGH,0.648,0.8656327763424703,17.115496387137743,7.209482262627893,18.17773341952022,0.8117047656827919,0.8370230729518889,0.8199563757264042,0
RIC,SAR,44.0,0.625,HIGH,0.625,0.7270672870983014,9.74453583471989,12.09244315281553,11.062104824765495,0.5165678318463488,0.7132381361956912,0.8429307294897594,0
SAR,ZHO,44.0,0.408,HIGH,0.408,0.20689414314784538,7.035649452408075,10.744779833081635,9.90549742344858,0.8910307900026225,0.7406069882904621,0.817244026703912,0
ZHO,BOT,44.0,0.982,HIGH,0.982,0.7765079493690866,8.05718278368664,10.9261624091198,15.01390078345377,1.0644394228701268,0.7802761492594786,0.8539719267395072,0
TSU,ALB,45.0,0.964,HIGH,0.964,1.1890592351146896,9.919154567690162,9.672155020998199,17.11768912911888,1.3226520822051306,0.9817444803613047,0.8725881857226476,0
ALO,RIC,45.0,0.41,HIGH,0.41,0.2540924167601764,8.213627465191113,5.841863792727238,16.434277021649237,0.9908078955709473,0.7960906320598847,0.7028779081270723,0
SAR,ZHO,45.0,0.507,HIGH,0.507,0.6701626176001103,8.731340481026116,5.357478694668276,16.967204732879516,1.1655701518604211,0.8397919068525039,0.8345875962415161,0
SAR,ZHO,46.0,0.473,HIGH,0.473,1.0651103791207508,10.701903373876942,24.75444779472063,11.533749722193996,0.3241002889364022,0.7568683366941339,0.9794147798574006,0
ZHO,BOT,46.0,0.501,HIGH,0.501,0.9148454795296248,8.467471905895096,13.555462674717248,17.267513242625323,0.7461804641877058,0.8771262206119728,0.8505193612375691,0
SAI,NOR,47.0,0.773,HIGH,0.773,0.8667173150947947,22.935308492528502,12.686532943193633,6.8031358305591265,0.11306426775793062,0.7813981324996325,0.8964872575630964,1
ALO,RIC,47.0,0.459,HIGH,0.459,0.8727324923858201,6.604674913232844,18.592945653861396,13.167336469412744,0.44535041033027223,0.7600278477471437,0.790440518795896,0
SAR,ZHO,47.0,0.495,HIGH,0.495,0.49544026634173066,15.490227791405093,9.365077757301282,5.086379907471824,1.1170464011582066,0.8498060622493339,0.9244574996643011,0
ZHO,BOT,47.0,0.772,HIGH,0.772,0.42295102869094264,13.20793653979323,23.99922367900451,9.868787448504055,1.4885339318891087,0.701596681756522,0.9241472297440734,0
SAI,NOR,48.0,0.773,HIGH,0.773,0.9902972710263649,24.64757233817213,20.72690028831104,10.496923023070968,0.23884933942210226,0.7022225694682753,0.8511758538197003,1
SAR,ZHO,48.0,0.682,HIGH,0.682,0.9911247341470987,7.240778043361047,6.78822004624519,10.942590374138831,0.6620920422058035,0.7635299546395388,0.983044008750972,0
SAI,NOR,49.0,0.854,HIGH,0.854,1.053779550438114,12.957111980914833,13.351615515698567,15.432008100347932,1.2200993561788231,0.710649195125238,0.7364095622811695,0
ALO,RIC,49.0,0.388,HIGH,0.388,1.1045646078121183,24.38940866550738,22.582366151243292,10.828371519055185,0.3856498884804584,0.7313274686979004,0.7049148228179785,1
SAI,NOR,50.0,0.772,HIGH,0.772,0.6624766387470316,22.310142517879605,23.894640445828205,11.73040433933796,0.8771189290232007,0.7982695883082379,0.9233458814095579,0
TSU,ALB,50.0,0.951,HIGH,0.951,0.6516679241559195,21.3414414189856,14.348030224997395,8.563161963114911,1.1262998144415446,0.9327498470781457,0.9340751058358159,0
ALO,RIC,50.0,0.388,HIGH,0.388,0.9781246968634526,10.158056540898796,17.268227784214154,10.598776874440102,0.9623796303642506,0.8658941065770972,0.7348600964449671,0
SAR,ZHO,50.0,0.361,HIGH,0.361,0.8149603238555416,8.417751747801317,8.340678921841505,8.409044408947272,0.36323462846158255,0.8486736405273607,0.7770190215579957,0
ZHO,BOT,50.0,0.431,HIGH,0.431,0.8721635649834736,18.37286439848862,24.823372522739533,6.097938856526655,0.5975383961600351,0.7851117587303552,0.7050901853763223,0
SAI,NOR,51.0,0.445,HIGH,0.445,0.9753719363797111,23.587519782551716,9.633434027668867,14.051728900720668,1.197308498279556,0.9702085786355167,0.7850594971263637,1
TSU,ALB,51.0,0.666,HIGH,0.666,1.0790058759993228,16.135257860278596,23.854635482702513,15.023191978325244,0.8759171197848232,0.8151343619587855,0.9242111434364148,1
ALO,RIC,51.0,0.85,HIGH,0.85,0.47179467253668933,16.432253789397997,17.992932979847367,14.292355190144217,0.10732145896007783,0.7252569023707737,0.8502085530366479,0
SAR,BOT,51.0,0.739,HIGH,0.739,0.5131412479039383,10.599581873205683,17.154735897577183,11.952410657008585,1.1653870640393313,0.8789492896741623,0.8009477220188035,0
BOT,ZHO,51.0,0.276,HIGH,0.276,0.2033801338249559,20.389858663838737,15.253770220330171,10.696786702688447,0.1494358969163347,0.7330131341082143,0.8078043955228358,0
SAI,NOR,52.0,0.689,HIGH,0.689,0.7361081550957913,8.740874971150468,9.613396234355173,17.950004743577377,1.144027295823725,0.8001147114124907,0.7003925514574857,0
TSU,ALB,52.0,0.889,HIGH,0.889,0.1395365011764163,11.473584728084873,8.530560640110165,12.786226777043272,0.38347278423133235,0.8471494622281646,0.7869421529939183,0
SAR,ZHO,52.0,0.16,HIGH,0.16,0.6121578199457061,13.508728772328336,9.409724181403508,12.187728164445964,1.4413028721671322,0.9535245321587009,0.8874730350749999,0
SAI,NOR,53.0,0.818,HIGH,0.818,0.6969090981783342,15.1522075736891,8.72876524288509,5.384630987096536,0.6151170518229182,0.8431285082986344,0.9825163887067435,0
ALO,RIC,53.0,0.216,HIGH,0.216,0.41519537734111284,9.848194648301604,20.591689471335066,10.118717414392345,0.5577042628733108,0.9036550421491826,0.9456476398253308,0
SAR,ZHO,53.0,0.35,HIGH,0.35,0.7499165866259118,7.296736494784071,12.002505183334602,10.702934281787856,0.3084432704654225,0.9879168833097304,0.7068425397472035,0
SAI,NOR,54.0,0.629,HIGH,0.629,0.13355027493295438,17.21240084883265,6.156853531267927,10.982341713453508,0.5278459016863009,0.7381318447704146,0.9605825753557033,0
ALO,RIC,54.0,0.303,HIGH,0.303,0.14108300762413586,10.772611064805115,24.382052602816227,13.702585538409984,1.3273110665594807,0.7796721424006606,0.9271275398566015,0
RIC,BOT,54.0,0.318,HIGH,0.318,1.004860616725624,16.624764428452245,22.675717699268514,13.004038200903176,1.4948680726781463,0.8144270619233174,0.9263090758355843,0
SAR,ZHO,54.0,0.407,HIGH,0.407,0.49620970555238914,8.087254305484047,23.55504566390426,14.11857639190167,0.6156333427095877,0.8223301717762611,0.8328187701110357,0
SAI,NOR,55.0,0.725,HIGH,0.725,0.23976656391707324,14.62280203709635,24.898156452928706,16.473248923131923,0.7280548833363596,0.8191961118270082,0.8154215349568058,0
ALO,RIC,55.0,0.288,HIGH,0.288,0.6744675860602848,15.651788651031717,8.477904984389745,17.1947860807414,1.1108993134838319,0.9632071907414009,0.7878455613616259,1
RIC,BOT,55.0,0.545,HIGH,0.545,0.9469929084084718,6.036470736448538,12.924840378053176,15.771846143397417,1.3406740926511043,0.9070694668953884,0.7190515090967661,0
SAR,ZHO,55.0,0.271,HIGH,0.271,0.33740313024652746,11.732085563878412,20.164769514081826,19.33285543932402,0.9302620678614978,0.8762925120863041,0.7661882554131727,0
ZHO,STR,55.0,0.21,HIGH,0.21,0.7851795234009002,7.688293538779485,18.920412361075844,5.2734887401454245,0.648135977448961,0.7897180881802067,0.7715150541436271,0
SAI,NOR,56.0,0.446,HIGH,0.446,0.1938822114931448,6.267499409455355,8.077918126797101,7.9366697852531916,0.6776705771880732,0.9388992114241754,0.8403823502159584,0
TSU,ALB,56.0,0.356,HIGH,0.356,0.15684989328546847,24.799204647798906,21.316662499812356,5.1134431246721315,1.0738654050955296,0.9769675483306468,0.9167588779130412,1
ALO,RIC,56.0,0.334,HIGH,0.334,0.6844900947249627,11.447076899494459,9.488811436733213,14.712120712319045,0.10450556904599016,0.9381475019395656,0.8374048502354045,0
SAR,STR,56.0,0.102,HIGH,0.102,0.6946986337711171,21.1974889170927,9.476352296452461,18.470458234249804,0.967425072443777,0.7004538805055271,0.7167748903396766,1
SAI,NOR,57.0,0.482,HIGH,0.482,0.8011728916480271,10.092813095275277,15.739488457868271,8.652234448644489,0.5976902146179003,0.884556397353188,0.9777590422865791,0
TSU,ALB,57.0,0.65,HIGH,0.65,0.8987004670949276,18.630054444478585,16.858798696834064,18.9055181719446,1.211876263787918,0.7148292606182092,0.9733900525372925,0
SAR,ZHO,57.0,0.169,HIGH,0.169,1.173437287408788,20.204557197793733,16.601724156756223,5.904010854343412,0.23018689575238502,0.7747060938967794,0.9277049675130384,1
SAI,NOR,58.0,0.698,HIGH,0.698,0.6679303831313148,16.912774812156886,6.829736747955097,19.016540402082715,0.9234831737277467,0.7172621631008538,0.987485091453624,0
TSU,ALB,58.0,0.422,HIGH,0.422,0.45525212023537054,14.431523771003167,22.54921725260761,10.274340308594516,0.7733620458405732,0.8751006813553224,0.8578998765120762,0
ALO,RIC,58.0,0.674,HIGH,0.674,0.974704814245574,13.236818282945372,10.31200085177412,6.521312426738247,0.9992557362673183,0.8991110749128559,0.9792028215734297,0
RIC,BOT,58.0,0.435,HIGH,0.435,0.3979154763882816,11.977365330859906,7.5902984256560835,12.288076387794884,0.19079503227615568,0.7332014150391124,0.7219254617788576,0
SAI,NOR,59.0,0.592,HIGH,0.592,0.5828685627761997,23.59058288495652,22.774961597379544,8.85164851580762,0.9119773023993838,0.811313276083044,0.8060474169957976,0
TSU,ALB,59.0,0.375,HIGH,0.375,0.18630201947649255,21.612388155754584,24.113029964595068,9.273093529428843,0.8860784231433332,0.8323085875971071,0.765360567721962,1
ALO,RIC,59.0,0.564,HIGH,0.564,0.12788581775700325,24.300538213330253,22.24255234530901,9.609349473894298,0.8849241321826392,0.8070253763106657,0.7567915943989383,0
RIC,BOT,59.0,0.596,HIGH,0.596,1.1589132561457174,7.485944469710894,21.19032149449756,17.04538846748995,0.9448827332350367,0.7350972501407059,0.740832855178876,0
SAI,NOR,60.0,0.58,HIGH,0.58,1.0195781325634263,19.617349504072884,18.104839612780435,13.087419150128817,1.0470551121169072,0.8214948591543678,0.880499956054139,1
TSU,ALB,60.0,0.541,HIGH,0.541,0.8655716267030676,23.766809136420758,16.017147412182787,9.669615487340055,1.2269845995530777,0.9178416338644413,0.9265833381667185,1
ALO,RIC,60.0,0.281,HIGH,0.281,0.5498482388556968,8.624661323313203,6.739735198228203,14.155006749663775,0.47774900817950006,0.7205922227146441,0.8677065358319046,0
RIC,BOT,60.0,0.659,HIGH,0.659,0.29062375207793034,6.32992534733555,13.169064261413974,15.742260113347903,1.2550691742520867,0.7232522040837519,0.7426191857805807,0
TSU,ALB,61.0,0.415,HIGH,0.415,0.2720807469381946,19.82241298580118,12.45377034024628,9.089360011003006,0.797557955168835,0.8028836746324354,0.9352258932807066,0
ALO,RIC,61.0,0.345,HIGH,0.345,0.37526718798105485,16.489462263598238,10.195075675206525,11.203236522880273,0.20788159078806362,0.9731004563694883,0.8844268650774813,0
RIC,BOT,61.0,0.498,HIGH,0.498,0.7041493311767324,21.83657553516544,19.468402273771698,6.828291400054213,0.18197130094157088,0.8938860675496451,0.8125680547768287,1
BOT,STR,61.0,0.654,HIGH,0.654,0.8860555149700685,7.79544753252579,14.917514701575417,7.717240243020205,0.567933646174485,0.8968142874350438,0.8954977857054582,0
SAI,NOR,62.0,0.684,HIGH,0.684,0.8262171143895043,20.905346237197804,6.620924318152959,15.216767809474742,1.1988557679560545,0.8049567973429808,0.7753724439804215,0
RUS,VER,62.0,0.641,HIGH,0.641,0.40792728664053707,9.03254640095489,9.403664038996226,7.721575215434404,1.090753308637282,0.8721616294504762,0.8001057404633211,0
TSU,ALB,62.0,0.339,HIGH,0.339,1.1503518087295135,8.27311885731409,18.66517527319192,12.877450755005903,1.2040609505413689,0.7029380433680456,0.9660708945082771,0
ALO,RIC,62.0,0.364,HIGH,0.364,0.9116866083653453,8.285315958619858,6.522617189806004,15.63569392583649,0.8241766790182531,0.8844678534587672,0.7842463066447118,0
RIC,BOT,62.0,0.35,HIGH,0.35,0.7097894577625407,21.29149440462764,22.024138280975375,6.603153846421158,0.7162785971376867,0.9648532147971086,0.8362965977658016,0
BOT,STR,62.0,0.329,HIGH,0.329,0.7728928208577874,18.303944413924004,14.902930540279486,13.509683294433554,0.30643353738879753,0.8776463058199976,0.9581409298448442,0
RUS,VER,63.0,0.415,HIGH,0.415,0.5615600686705688,15.461308495382386,14.61173154653296,8.848441755520456,0.5594698550530361,0.9533725921052401,0.9052391915775829,0
TSU,ALB,63.0,0.47,HIGH,0.47,0.3725040884512732,12.17660968247005,16.848155693190353,19.443903128563697,0.7076271126434254,0.9099521860851671,0.7180389355877638,0
ALO,RIC,63.0,0.525,HIGH,0.525,0.4915699465163877,22.544010816262166,21.493619318502983,12.25318470079887,0.22404060155146413,0.7349619407570701,0.7427178828409013,0
RIC,BOT,63.0,0.337,HIGH,0.337,0.933630721510806,12.848902148452709,11.956184158043861,17.08988824662737,0.40885673379569576,0.9617114591128941,0.7022740613238558,1
BOT,STR,63.0,0.435,HIGH,0.435,0.11583283749273146,21.33198878943154,18.56032305118127,13.253398132343927,0.9375154116892342,0.7192687148631747,0.8829673191664573,0
SAI,NOR,64.0,0.653,HIGH,0.653,0.22767990455760784,13.782698171404368,16.31463927991582,5.651187992822288,1.1299283599348657,0.8548505670388514,0.8298252933690213,0
RUS,VER,64.0,0.381,HIGH,0.381,0.15060290622392802,12.538888588498152,10.340565403388426,14.497270633910336,1.4976865159501294,0.7412197659001026,0.7389397067616599,0
TSU,ALB,64.0,0.337,HIGH,0.337,0.14480168255086714,14.253595713392128,22.57259972710316,19.271050133099855,1.4063586638809806,0.7033949171119621,0.9778008951064634,0
ALO,RIC,64.0,0.774,HIGH,0.774,1.0410066424121078,11.027557483282841,20.94852043213856,14.024177302194968,0.9995912793492681,0.8223899354370153,0.8536013199442297,0
RIC,BOT,64.0,0.556,HIGH,0.556,0.874023645318026,19.952187603525022,18.16903669316851,17.28783289140185,0.6897472746117008,0.7855618052197053,0.7701490552927378,0
BOT,STR,64.0,0.511,HIGH,0.511,0.6215912119960576,15.054407801849583,22.011634581884838,18.263096950226117,0.9906483105915258,0.8409401432013048,0.8451750356348652,0
RUS,VER,65.0,0.867,HIGH,0.867,0.20761757671610162,9.644253902936345,22.34588401919605,8.421196579233987,1.1999122653123246,0.8673879671530197,0.8970898964931813,0
TSU,ALB,65.0,0.617,HIGH,0.617,0.6407774626285155,22.991491465491368,19.167259534300698,8.1806725986234,0.26567066729274225,0.7126843309695947,0.7221093732123337,0
ALO,RIC,65.0,0.675,HIGH,0.675,0.6208189478586222,12.677824427464229,21.74026656727344,14.164714832764876,0.6738668455748035,0.7356709555858862,0.7796641063638886,0
RIC,BOT,65.0,0.45,HIGH,0.45,0.2905220569010167,15.871057222279772,18.949429233385672,11.16542704710057,1.275723199889864,0.8620062949706233,0.9340199923563581,0
BOT,STR,65.0,0.405,HIGH,0.405,0.5772368141617703,23.12944221929094,18.602815435206008,17.597919543000806,0.6373661327062616,0.7995185324200709,0.8333028124167717,1
ZHO,SAR,65.0,0.223,HIGH,0.223,0.5383552078371108,17.484759918279842,17.372227564303685,18.500346850970168,0.9006211797180611,0.9114603113893399,0.8585073711893655,1
SAI,NOR,66.0,0.588,HIGH,0.588,0.7774351078574381,7.337960814167282,20.054332791152824,10.301320689540772,0.9228771052070774,0.8891645780916625,0.825516640640746,0
RUS,VER,66.0,0.684,HIGH,0.684,0.7986030159544081,23.796642472269504,8.172102105861473,8.55305838461723,0.3582667543870951,0.945225265267073,0.7127309833664714,0
TSU,ALB,66.0,0.859,HIGH,0.859,0.14983441074924897,17.554161061428356,22.61741518397857,16.70788272865793,0.6071296183132037,0.9008229197340754,0.7480674361478452,0
ALO,RIC,66.0,0.772,HIGH,0.772,0.5120738760891183,11.698112293141723,22.43687055490464,9.12209053322204,0.568315804238705,0.8246800124431429,0.8292070752351484,0
RIC,BOT,66.0,0.362,HIGH,0.362,0.7884459072856599,7.785441453267746,5.584945660691183,17.339214777705177,0.13667539194489073,0.8951603204943853,0.760663784968299,0
BOT,STR,66.0,0.495,HIGH,0.495,0.6534498844380964,20.88050378540592,21.516335011295254,11.356073804731443,0.13386846944789735,0.7798605405340714,0.7144939183113068,1
ZHO,SAR,66.0,0.373,HIGH,0.373,1.0421388253071544,17.40145511857027,7.577397349468904,15.013248489372057,1.2643758611460827,0.7888309146456817,0.9446584025750289,1
RUS,VER,67.0,0.957,HIGH,0.957,0.8245629947808394,15.66922183952643,11.702377085182839,6.4330297075200225,0.48229913396193735,0.92880569637703,0.9845458334575936,0
TSU,ALB,67.0,0.665,HIGH,0.665,0.27922786978957265,22.877851661019154,19.870165125832155,14.357889870148595,0.8253102727343415,0.8294616597564588,0.9300114334590545,0
ALO,RIC,67.0,0.383,HIGH,0.383,0.1776256221404728,20.771944224490614,8.215197920966164,11.776515181058437,0.5182158030242823,0.9315302987503222,0.9475976272943534,0
RIC,BOT,67.0,0.497,HIGH,0.497,0.8066612060269471,8.033497594655024,21.359340482381242,13.79912694763211,1.4169509431614766,0.9385024883638007,0.7701733677919431,0
BOT,STR,67.0,0.86,HIGH,0.86,0.129162441595784,11.234441355910965,21.64268355915484,7.520213116172951,0.46301546241208325,0.9486930779217723,0.9785818228988279,0
SAI,NOR,68.0,0.661,HIGH,0.661,0.7443531394008096,9.969782796289316,15.149354675216724,16.053106174162732,0.701519537834509,0.9658242183939502,0.7571084542914942,0
TSU,ALB,68.0,0.391,HIGH,0.391,1.1342532655674533,19.878925851453538,5.127717434336672,17.94195616314843,1.3218223506784426,0.8249857139488559,0.9759146450049313,1
ALO,RIC,68.0,0.476,HIGH,0.476,0.7330215956634668,5.670648694715588,10.740762663498256,8.251097001361634,1.278706993508532,0.7924713773131302,0.9884975952501258,0
RIC,BOT,68.0,0.745,HIGH,0.745,0.5269869188271741,16.39779369742633,17.338538367514843,6.435718332802426,0.36054198498478823,0.868837636512293,0.9063996136663541,0
TSU,ALB,69.0,0.567,HIGH,0.567,0.8076170402865884,20.24917371481381,24.62372356054847,5.3545787906950455,1.2237006337139946,0.807640002796912,0.9845316822196284,1
ALO,RIC,69.0,0.653,HIGH,0.653,0.6040781795406682,22.53531273523499,17.636270540333367,14.62957250664899,0.7414616414330497,0.8743115083720675,0.86516653607446,1
RIC,BOT,69.0,0.681,HIGH,0.681,0.7001784682475284,11.841634974318149,10.196071621283195,14.106410541331712,0.7761564209194972,0.9046199001667091,0.7752671171210661,0
PIA,SAI,70.0,0.668,HIGH,0.668,1.1356112896541775,21.425146093440258,17.680114061992228,13.20046119071105,0.2868719613823213,0.8996374553627197,0.8267288068430301,1
RUS,VER,70.0,0.693,HIGH,0.693,0.5247129015808516,7.2126347391041445,15.799707594317109,8.479206441739631,0.2128421192599745,0.8086203372358352,0.872132671259848,0
TSU,ALB,70.0,0.456,HIGH,0.456,1.1573096202063056,21.929045834690363,20.59690790302287,10.86358993858272,1.1191150297632713,0.7483894584926383,0.7211936529878343,1
ALO,RIC,70.0,0.326,HIGH,0.326,1.09588570615167,7.549773246639648,7.139612776539169,13.917145027792596,0.7950456132974196,0.8248535081540401,0.8804795467390013,0
RIC,BOT,70.0,0.383,HIGH,0.383,0.31537024826822607,12.945745811207345,20.22055805004056,12.45150288288754,0.7115909836612514,0.7413523017837534,0.9845415726610655,0
PIA,SAI,71.0,0.515,HIGH,0.515,0.176297430962682,20.94590731559107,15.825331573522206,19.816782803223308,1.1213115201133554,0.9581281402033044,0.7551312184372809,0
RUS,VER,71.0,0.891,HIGH,0.891,0.2108558015151693,7.998348546975476,24.25984007717989,7.046596288350997,1.1717180585875535,0.8003044636139787,0.9298525837236311,0
TSU,ALB,71.0,0.479,HIGH,0.479,0.1200440082167047,9.58502790465283,11.837443320773723,15.427168310713906,0.322471434737095,0.7447933266947638,0.9632906501960896,0
ALO,RIC,71.0,0.559,HIGH,0.559,0.20388725683152123,19.445051367861325,17.652437862678962,11.064781521564381,0.9543152092686977,0.7073798503726677,0.9736734619178641,0
RIC,BOT,71.0,0.455,HIGH,0.455,0.8513074507579924,19.400730730921488,23.64056211020035,11.42299422388422,0.2894957151887597,0.8872884920230805,0.9784393252775797,1
BOT,STR,71.0,1.0,HIGH,1.0,0.17830751330625189,17.822952657705947,7.050194559813585,15.763966484872643,1.151925120440664,0.8847016720618756,0.8512232952292268,0
PIA,SAI,72.0,0.545,HIGH,0.545,0.4508731933231374,18.878968889342,23.744569744729024,15.386542269865545,1.0197372187739953,0.7987752083085745,0.9834192933175361,0
SAI,NOR,72.0,0.825,HIGH,0.825,1.0293628420663998,15.854488866951923,18.757714446016266,19.868839905532823,1.4392604695168412,0.7207964477658187,0.9196199600689873,0
RUS,VER,72.0,0.723,HIGH,0.723,0.12559912930940845,10.035981178139055,6.356741182103438,6.925914341811879,0.19654122289898965,0.8187923795196173,0.7468847165087189,0
ALO,RIC,72.0,0.534,HIGH,0.534,0.9959153308478292,11.913919870078388,11.019271338936324,6.561644740762495,0.17987660961175606,0.7902530735683841,0.8383010308757113,0
RIC,BOT,72.0,0.451,HIGH,0.451,0.41004025225073987,8.631954336028514,19.16344177290563,15.865082256931117,0.49506190457048016,0.8963649855231527,0.9083160408578811,0
PIA,SAI,73.0,0.678,HIGH,0.678,0.22998131038382186,23.169011226672566,6.347012029375434,13.675803755096137,0.4663879572302683,0.8756759823412802,0.7717286915875341,0
SAI,NOR,73.0,0.841,HIGH,0.841,0.8664108819005656,16.66783589532241,16.643409203525465,9.112409998397087,0.44577031870079975,0.8057321811772865,0.8857784032291773,0
RUS,VER,73.0,0.617,HIGH,0.617,0.7918371314578723,13.017028335272798,11.917661139059135,6.191290534834799,1.3687564127294514,0.7631888407339471,0.8933141389235195,0
ALO,RIC,73.0,0.521,HIGH,0.521,1.0652192148797581,14.240116072882653,17.418310355349544,6.284873743946458,0.44936467978930855,0.9865304301851217,0.7471829257044841,1
RIC,BOT,73.0,0.73,HIGH,0.73,0.9085781481842743,23.945666792236306,5.9148406762502574,18.412863119961774,0.4807296165800834,0.8316604701468733,0.8638747406112993,1
PIA,SAI,74.0,0.814,HIGH,0.814,0.9838290234233333,8.067028062321604,22.430736123047524,7.878009870781144,1.163157567385149,0.8995995283762688,0.9237718041837962,0
SAI,NOR,74.0,0.709,HIGH,0.709,0.4102380298284371,16.724596640335946,24.469779383547937,9.850573431732812,0.729635779430756,0.7407603605977245,0.8446797427154231,0
RUS,VER,74.0,0.825,HIGH,0.825,0.29518349815769507,15.11777357768932,24.37755710571383,8.39984603340482,1.1873947797372537,0.8408210129012254,0.7035099038650711,0
ALO,RIC,74.0,0.529,HIGH,0.529,0.9256762268049441,17.229084708692955,19.993036634858495,10.32494458747906,0.19151262059013935,0.707985648762145,0.7026211560329947,0
PIA,SAI,75.0,0.521,HIGH,0.521,0.9875182131939904,5.36220367641681,7.601724802612639,6.0413576411914,0.782599671142738,0.8465819841940304,0.8035385097513035,0
RUS,VER,75.0,0.829,HIGH,0.829,1.1895556562007406,22.44247817888303,20.16526391858045,12.785896863624055,0.1470590402565957,0.9795650480641337,0.9685962798452168,1
ALO,RIC,75.0,0.551,HIGH,0.551,0.5538794446025691,23.642365649672247,5.49173832917603,6.014188453883223,0.18771448483749634,0.811419946765882,0.7663162660850465,0
RIC,BOT,75.0,0.246,HIGH,0.246,0.5092198943720615,16.302663671784178,5.442471030579945,17.005347617335424,1.3690124346821753,0.7113088436467243,0.8839654697727892,0
PIA,SAI,76.0,0.782,HIGH,0.782,0.9540542568161964,18.933016477537844,11.472204382990824,8.505681228656496,0.2949435195646332,0.7089771793666095,0.7644020025010629,0
SAI,NOR,76.0,0.687,HIGH,0.687,0.47488389427831956,23.449987623545915,14.772863808093316,13.100178719067658,0.8453889551853039,0.8125161603845921,0.7932842970012691,0
RUS,VER,76.0,0.7,HIGH,0.7,1.123833058163921,19.144772686267974,20.408148356155863,18.201186313421875,0.6755338436409891,0.7464072315743262,0.9459322059844303,1
ALO,RIC,76.0,0.533,HIGH,0.533,1.0442540270273128,8.050780858285227,18.665907532130102,14.763160535707913,0.5862806567623797,0.7067721079351739,0.9113698182582846,0
RIC,BOT,76.0,0.38,HIGH,0.38,0.5718934301125201,16.525767203336265,13.918054127534967,12.994366798270029,1.3597666839621814,0.9193019480455512,0.727665790420831,0
PIA,SAI,77.0,0.52,HIGH,0.52,0.925958174570647,17.13430092765712,10.472533325633318,9.865006296730634,0.13055275548568532,0.8329716725757482,0.8243235860860657,0
RUS,VER,77.0,0.588,HIGH,0.588,0.9299971614931505,13.48261342604772,24.942490003154223,9.99502869587297,1.0293055606458246,0.7838809838720697,0.7084592314571266,0
VER,HAM,77.0,0.794,HIGH,0.794,0.21343625571952587,19.728884712494455,13.523626044719459,15.042304327972852,1.4487522078989705,0.9610241230747794,0.8394581425148726,0
PIA,SAI,78.0,0.487,HIGH,0.487,1.0928081973475232,23.687340295380295,14.02774048659351,19.91209041831751,0.8842354568465787,0.7336802984581524,0.8921058633933098,1
SAI,NOR,78.0,0.841,HIGH,0.841,0.6557776096926428,23.51137025813553,8.272476423833384,14.927587847740678,1.4115514468463284,0.9772164603970426,0.7343657608434639,1
RUS,VER,78.0,0.599,HIGH,0.599,1.0091032127185158,14.016787428082642,20.89619097499859,13.366751260550373,0.17316103100043329,0.7910503480394323,0.783776632283658,0
VER,HAM,78.0,0.948,HIGH,0.948,0.45205456113367287,7.264760916815105,18.873644515629774,15.959757653588692,0.6863106467038259,0.9576370649695175,0.8153726213956255,0
